model,AUC,precision,recall,F1,time
openai/qwen2.5:32b,0.011,0.247,0.018,0.034,396.94204189965967
openai/openthinker:32b,0.007,0.184,0.012,0.023,1417.973321899888
openai/hermes3:8b,0.008,0.19,0.014,0.025,224.3702838002937
